file,purpose,size_px,aspect_ratio,alpha,screenshot_location,display,local_artifact_path,published_url
hero-workspace.webp,Hero workspace photo,"[1137, 669]",1.6996,False,"x=67, y=247, w=379, h=223",object-fit: cover; object-position: 52% 50%; clip with ~18–20 px radius at screenshot scale,sandbox:/mnt/data/workly-flexspace-booking-2026-10-04/hero-workspace.webp,
card-harbor-hub.webp,Popular-space thumbnail: Harbor Hub,"[561, 351]",1.5983,False,"x=70, y=535, w=187, h=117",object-fit: cover; object-position: 50% 50%; clip with ~14–15 px radius,sandbox:/mnt/data/workly-flexspace-booking-2026-10-04/card-harbor-hub.webp,
card-summit-rooms.webp,Popular-space thumbnail: Summit Rooms,"[522, 351]",1.4872,False,"x=272, y=535, w=174, h=117",object-fit: cover; object-position: 52% 50%; clip with ~14–15 px radius,sandbox:/mnt/data/workly-flexspace-booking-2026-10-04/card-summit-rooms.webp,
card-the-commons.webp,Popular-space thumbnail: The Commons,"[561, 351]",1.5983,False,"x=70, y=744, w=187, h=117",object-fit: cover; object-position: 50% 50%; clip with ~14–15 px radius,sandbox:/mnt/data/workly-flexspace-booking-2026-10-04/card-the-commons.webp,
card-riverside-work.webp,Popular-space thumbnail: Riverside Work,"[522, 351]",1.4872,False,"x=272, y=744, w=174, h=117",object-fit: cover; object-position: 50% 50%; clip with ~14–15 px radius,sandbox:/mnt/data/workly-flexspace-booking-2026-10-04/card-riverside-work.webp,
detail-meeting-room-a.webp,Harbor Hub / Meeting Room A main photo,"[1209, 1152]",1.0495,False,"x=506, y=80, w=403, h=384",detail: object-fit: cover; object-position: 57% 50%; booking thumbnail: cover; object-position: 58% 52%,sandbox:/mnt/data/workly-flexspace-booking-2026-10-04/detail-meeting-room-a.webp,
map-harbor-hub.svg,stylized booking-location map background,360×255 viewBox,1.4118,False,"x=974, y=712, w=122, h=87",object-fit: cover; object-position: 50% 50%; clip with ~11–12 px radius; overlay pin at ≈50% W / 45% H,sandbox:/mnt/data/workly-flexspace-booking-2026-10-04/map-harbor-hub.svg,
icons/logo-workly.svg,Workly logo mark + wordmark,112×28,4:1,True,,transparent SVG; mostly currentColor; ~1.8 px rounded stroke in 24×24 viewBox unless filled state,sandbox:/mnt/data/workly-flexspace-booking-2026-10-04/icons/logo-workly.svg,
icons/bell.svg,notification bell; red dot is CSS/UI,24×24,1:1,True,,transparent SVG; mostly currentColor; ~1.8 px rounded stroke in 24×24 viewBox unless filled state,sandbox:/mnt/data/workly-flexspace-booking-2026-10-04/icons/bell.svg,
icons/search.svg,search and Explore navigation,24×24,1:1,True,,transparent SVG; mostly currentColor; ~1.8 px rounded stroke in 24×24 viewBox unless filled state,sandbox:/mnt/data/workly-flexspace-booking-2026-10-04/icons/search.svg,
icons/filter.svg,filter/sliders,24×24,1:1,True,,transparent SVG; mostly currentColor; ~1.8 px rounded stroke in 24×24 viewBox unless filled state,sandbox:/mnt/data/workly-flexspace-booking-2026-10-04/icons/filter.svg,
icons/arrow-right.svg,hero/CTA arrow,24×24,1:1,True,,transparent SVG; mostly currentColor; ~1.8 px rounded stroke in 24×24 viewBox unless filled state,sandbox:/mnt/data/workly-flexspace-booking-2026-10-04/icons/arrow-right.svg,
icons/arrow-left.svg,back navigation,24×24,1:1,True,,transparent SVG; mostly currentColor; ~1.8 px rounded stroke in 24×24 viewBox unless filled state,sandbox:/mnt/data/workly-flexspace-booking-2026-10-04/icons/arrow-left.svg,
icons/chevron-right.svg,small row chevron,24×24,1:1,True,,transparent SVG; mostly currentColor; ~1.8 px rounded stroke in 24×24 viewBox unless filled state,sandbox:/mnt/data/workly-flexspace-booking-2026-10-04/icons/chevron-right.svg,
icons/chevron-down.svg,details dropdown chevron,24×24,1:1,True,,transparent SVG; mostly currentColor; ~1.8 px rounded stroke in 24×24 viewBox unless filled state,sandbox:/mnt/data/workly-flexspace-booking-2026-10-04/icons/chevron-down.svg,
icons/heart.svg,favorite outline,24×24,1:1,True,,transparent SVG; mostly currentColor; ~1.8 px rounded stroke in 24×24 viewBox unless filled state,sandbox:/mnt/data/workly-flexspace-booking-2026-10-04/icons/heart.svg,
icons/pin.svg,outline location pin,24×24,1:1,True,,transparent SVG; mostly currentColor; ~1.8 px rounded stroke in 24×24 viewBox unless filled state,sandbox:/mnt/data/workly-flexspace-booking-2026-10-04/icons/pin.svg,
icons/map-pin-filled.svg,blue map pin overlay,24×24,1:1,True,,transparent SVG; mostly currentColor; ~1.8 px rounded stroke in 24×24 viewBox unless filled state,sandbox:/mnt/data/workly-flexspace-booking-2026-10-04/icons/map-pin-filled.svg,
icons/star.svg,filled rating star,24×24,1:1,True,,transparent SVG; mostly currentColor; ~1.8 px rounded stroke in 24×24 viewBox unless filled state,sandbox:/mnt/data/workly-flexspace-booking-2026-10-04/icons/star.svg,
icons/home-filled.svg,active Home navigation,24×24,1:1,True,,transparent SVG; mostly currentColor; ~1.8 px rounded stroke in 24×24 viewBox unless filled state,sandbox:/mnt/data/workly-flexspace-booking-2026-10-04/icons/home-filled.svg,
icons/calendar.svg,Bookings navigation,24×24,1:1,True,,transparent SVG; mostly currentColor; ~1.8 px rounded stroke in 24×24 viewBox unless filled state,sandbox:/mnt/data/workly-flexspace-booking-2026-10-04/icons/calendar.svg,
icons/profile.svg,Profile navigation,24×24,1:1,True,,transparent SVG; mostly currentColor; ~1.8 px rounded stroke in 24×24 viewBox unless filled state,sandbox:/mnt/data/workly-flexspace-booking-2026-10-04/icons/profile.svg,
icons/share.svg,share/export,24×24,1:1,True,,transparent SVG; mostly currentColor; ~1.8 px rounded stroke in 24×24 viewBox unless filled state,sandbox:/mnt/data/workly-flexspace-booking-2026-10-04/icons/share.svg,
icons/wifi.svg,Wi‑Fi amenity,24×24,1:1,True,,transparent SVG; mostly currentColor; ~1.8 px rounded stroke in 24×24 viewBox unless filled state,sandbox:/mnt/data/workly-flexspace-booking-2026-10-04/icons/wifi.svg,
icons/projector.svg,projector amenity,24×24,1:1,True,,transparent SVG; mostly currentColor; ~1.8 px rounded stroke in 24×24 viewBox unless filled state,sandbox:/mnt/data/workly-flexspace-booking-2026-10-04/icons/projector.svg,
icons/coffee.svg,coffee amenity,24×24,1:1,True,,transparent SVG; mostly currentColor; ~1.8 px rounded stroke in 24×24 viewBox unless filled state,sandbox:/mnt/data/workly-flexspace-booking-2026-10-04/icons/coffee.svg,
icons/users.svg,people/capacity,24×24,1:1,True,,transparent SVG; mostly currentColor; ~1.8 px rounded stroke in 24×24 viewBox unless filled state,sandbox:/mnt/data/workly-flexspace-booking-2026-10-04/icons/users.svg,
icons/tv.svg,TV display amenity,24×24,1:1,True,,transparent SVG; mostly currentColor; ~1.8 px rounded stroke in 24×24 viewBox unless filled state,sandbox:/mnt/data/workly-flexspace-booking-2026-10-04/icons/tv.svg,
icons/whiteboard.svg,whiteboard amenity,24×24,1:1,True,,transparent SVG; mostly currentColor; ~1.8 px rounded stroke in 24×24 viewBox unless filled state,sandbox:/mnt/data/workly-flexspace-booking-2026-10-04/icons/whiteboard.svg,
icons/minus.svg,duration decrement,24×24,1:1,True,,transparent SVG; mostly currentColor; ~1.8 px rounded stroke in 24×24 viewBox unless filled state,sandbox:/mnt/data/workly-flexspace-booking-2026-10-04/icons/minus.svg,
icons/plus.svg,duration increment,24×24,1:1,True,,transparent SVG; mostly currentColor; ~1.8 px rounded stroke in 24×24 viewBox unless filled state,sandbox:/mnt/data/workly-flexspace-booking-2026-10-04/icons/plus.svg,
