file,purpose,pixels,aspect,alpha,screenshot_place,display
home-hero.webp,"Home screen editorial hero photo",1068x633,1.687,no,"x=86 y=226 w=356 h=211","object-fit: cover; object-position: 52% 50%"
chair-sage.webp,"Curated picks / sage Luna lounge chair",516x330,1.564,no,"x=87 y=595 w=172 h=110","object-fit: cover; object-position: 50% 53%"
chair-oak.webp,"Curated picks / oak accent chair",513x330,1.555,no,"x=270 y=595 w=171 h=110","object-fit: cover; object-position: 50% 52%"
rye-side-table.webp,"Product tile and cart thumbnail / Rye side table",516x333,1.550,no,"x=87 y=788 w=172 h=111","tile: cover 50% 52%; cart square: cover 50% 50%"
arc-table-lamp.webp,"Product tile and cart thumbnail / Arc table lamp",513x333,1.541,no,"x=270 y=788 w=171 h=111","tile: cover 50% 48%; cart square: cover 50% 50%"
chair-pink.webp,"Cart thumbnail / pink Luna lounge chair",600x600,1.000,no,"x=973 y=198 w=98 h=98","object-fit: cover; object-position: 50% 50%"
harmony-main.webp,"Product-detail primary lifestyle photo",1149x1506,0.763,no,"x=510 y=79 w=383 h=502","object-fit: cover; object-position: 50% 49%"
gallery-neutral-interior.webp,"Product-detail gallery thumbnail 2",600x600,1.000,no,"x=621 y=593 w=78 h=78","object-fit: cover; object-position: 50% 50%"
gallery-fabric-closeup.webp,"Product-detail gallery thumbnail 3 / upholstery detail",600x600,1.000,no,"x=712 y=593 w=79 h=78","object-fit: cover; object-position: 48% 50%"
gallery-plant-vase.webp,"Product-detail gallery thumbnail 4 / plant detail",600x600,1.000,no,"x=804 y=593 w=78 h=78","object-fit: cover; object-position: 50% 52%"
icons/search.svg,"UI icon",24x24,1.000,yes,"left screen search field x≈99 y≈186","inline SVG; color via currentColor"
icons/filter.svg,"UI icon",24x24,1.000,yes,"left screen search field right x≈418 y≈186","inline SVG; color via currentColor"
icons/bell.svg,"UI icon",24x24,1.000,yes,"left header x≈365 y≈132","inline SVG; color via currentColor"
icons/bag.svg,"UI icon",24x24,1.000,yes,"left header x≈416 y≈132; reusable for delivery/bag semantics if desired","inline SVG; color via currentColor"
icons/chair.svg,"UI icon",24x24,1.000,yes,"left category tab Chairs x≈128 y≈476; active color white","inline SVG; color via currentColor"
icons/lamp.svg,"UI icon",24x24,1.000,yes,"left category tab Lamps x≈220 y≈476","inline SVG; color via currentColor"
icons/vase.svg,"UI icon",24x24,1.000,yes,"left category tab Decor x≈309 y≈476","inline SVG; color via currentColor"
icons/storage.svg,"UI icon",24x24,1.000,yes,"left category tab Storage x≈401 y≈476","inline SVG; color via currentColor"
icons/plus.svg,"UI icon",24x24,1.000,yes,"product cards and quantity steppers","inline SVG; color via currentColor"
icons/minus.svg,"UI icon",24x24,1.000,yes,"quantity steppers on detail/cart screens","inline SVG; color via currentColor"
icons/back.svg,"UI icon",24x24,1.000,yes,"detail top-left and cart top-left","inline SVG; color via currentColor"
icons/heart.svg,"UI icon",24x24,1.000,yes,"detail top-right","inline SVG; color via currentColor"
icons/layers.svg,"UI icon",24x24,1.000,yes,"Solid oak frame feature chip","inline SVG; color via currentColor"
icons/fabric.svg,"UI icon",24x24,1.000,yes,"Premium fabric feature chip","inline SVG; color via currentColor"
icons/check-circle.svg,"UI icon",24x24,1.000,yes,"In stock feature chip","inline SVG; color via currentColor"
icons/delivery.svg,"UI icon",24x24,1.000,yes,"2–4 days feature chip","inline SVG; color via currentColor"
icons/trash.svg,"UI icon",24x24,1.000,yes,"cart item rows right edge","inline SVG; color via currentColor"
icons/promo-tag.svg,"UI icon",24x24,1.000,yes,"promo-code row left","inline SVG; color via currentColor"
icons/chevron-right.svg,"UI icon",24x24,1.000,yes,"home cart summary row and promo row","inline SVG; color via currentColor"
icons/more.svg,"UI icon",24x24,1.000,yes,"cart header top-right","inline SVG; color via currentColor"