Имя файла,Назначение,Размер файла в пикселях,Соотношение сторон,Альфа-канал,Место на скриншоте,Способ отображения,GitHub URL
images/hero-santorini-coast.webp,Экран 1: крупное верхнее фото; повторно используется как аватар и Saved r1c1,849×870,0.9759:1,нет,"x=164, y=94, 283×290 px",object-fit: cover; object-position: 52% 52%,https://raw.githubusercontent.com/kiouoi996-commits/Repixel-Previews/a1c879fe2ceadfdfd51006a88cdff119f31e7e62/images/hidden-coasts-travel-discovery/hero-santorini-coast.webp
images/palm-peach-wall.webp,Экран 1: левая малая карточка; Saved r1c2,492×465,1.0581:1,нет,"x=88, y=376, 164×155 px",object-fit: cover; object-position: 50% 52%,https://raw.githubusercontent.com/kiouoi996-commits/Repixel-Previews/a1c879fe2ceadfdfd51006a88cdff119f31e7e62/images/hidden-coasts-travel-discovery/palm-peach-wall.webp
images/turquoise-cliff-bay.webp,Экран 1: правая средняя карточка,558×576,0.9688:1,нет,"x=261, y=395, 186×192 px",object-fit: cover; object-position: 50% 50%,https://raw.githubusercontent.com/kiouoi996-commits/Repixel-Previews/a1c879fe2ceadfdfd51006a88cdff119f31e7e62/images/hidden-coasts-travel-discovery/turquoise-cliff-bay.webp
images/alpine-mountain-lake-sunset.webp,Экран 1: нижняя левая карточка,585×453,1.2914:1,нет,"x=94, y=543, 195×151 px",object-fit: cover; object-position: 50% 54%,https://raw.githubusercontent.com/kiouoi996-commits/Repixel-Previews/a1c879fe2ceadfdfd51006a88cdff119f31e7e62/images/hidden-coasts-travel-discovery/alpine-mountain-lake-sunset.webp
images/hidden-coasts-banner.webp,Экран 2: featured hero/banner,1113×612,1.8186:1,нет,"x=519, y=194, 371×204 px",object-fit: cover; object-position: 50% 50%,https://raw.githubusercontent.com/kiouoi996-commits/Repixel-Previews/a1c879fe2ceadfdfd51006a88cdff119f31e7e62/images/hidden-coasts-travel-discovery/hidden-coasts-banner.webp
images/lake-bled-card.webp,Экран 2: карточка Lake Bled,549×660,0.8318:1,нет,"x=522, y=610, 183×220 px",object-fit: cover; object-position: 50% 50%,https://raw.githubusercontent.com/kiouoi996-commits/Repixel-Previews/a1c879fe2ceadfdfd51006a88cdff119f31e7e62/images/hidden-coasts-travel-discovery/lake-bled-card.webp
images/santorini-blue-dome-card.webp,Экран 2: карточка Santorini,513×660,0.7773:1,нет,"x=716, y=610, 171×220 px",object-fit: cover; object-position: 52% 50%,https://raw.githubusercontent.com/kiouoi996-commits/Repixel-Previews/a1c879fe2ceadfdfd51006a88cdff119f31e7e62/images/hidden-coasts-travel-discovery/santorini-blue-dome-card.webp
images/turquoise-boat-reef.webp,Экран 3: Saved r1c3,348×405,0.8593:1,нет,"x=1207, y=552, 116×135 px",object-fit: cover; object-position: 55% 50%,https://raw.githubusercontent.com/kiouoi996-commits/Repixel-Previews/a1c879fe2ceadfdfd51006a88cdff119f31e7e62/images/hidden-coasts-travel-discovery/turquoise-boat-reef.webp
images/greek-alley.webp,Экран 3: Saved r2c1,336×396,0.8485:1,нет,"x=961, y=694, 112×132 px",object-fit: cover; object-position: 50% 50%,https://raw.githubusercontent.com/kiouoi996-commits/Repixel-Previews/a1c879fe2ceadfdfd51006a88cdff119f31e7e62/images/hidden-coasts-travel-discovery/greek-alley.webp
images/cappadocia-balloons.webp,Экран 3: Saved r2c2,345×396,0.8712:1,нет,"x=1083, y=694, 115×132 px",object-fit: cover; object-position: 50% 50%,https://raw.githubusercontent.com/kiouoi996-commits/Repixel-Previews/a1c879fe2ceadfdfd51006a88cdff119f31e7e62/images/hidden-coasts-travel-discovery/cappadocia-balloons.webp
images/alpine-lake-valley.webp,Экран 3: Saved r2c3,348×396,0.8788:1,нет,"x=1207, y=694, 116×132 px",object-fit: cover; object-position: 52% 50%,https://raw.githubusercontent.com/kiouoi996-commits/Repixel-Previews/a1c879fe2ceadfdfd51006a88cdff119f31e7e62/images/hidden-coasts-travel-discovery/alpine-lake-valley.webp
images/green-viaduct.webp,Экран 3: Saved r3c1,336×405,0.8296:1,нет,"x=961, y=834, 112×135 px",object-fit: cover; object-position: 50% 50%,https://raw.githubusercontent.com/kiouoi996-commits/Repixel-Previews/a1c879fe2ceadfdfd51006a88cdff119f31e7e62/images/hidden-coasts-travel-discovery/green-viaduct.webp
images/blue-door-bougainvillea.webp,Экран 3: Saved r3c2,348×405,0.8593:1,нет,"x=1082, y=834, 116×135 px",object-fit: cover; object-position: 50% 50%,https://raw.githubusercontent.com/kiouoi996-commits/Repixel-Previews/a1c879fe2ceadfdfd51006a88cdff119f31e7e62/images/hidden-coasts-travel-discovery/blue-door-bougainvillea.webp
images/aerial-beach-harbor.webp,Экран 3: Saved r3c3,348×405,0.8593:1,нет,"x=1207, y=834, 116×135 px",object-fit: cover; object-position: 50% 50%,https://raw.githubusercontent.com/kiouoi996-commits/Repixel-Previews/a1c879fe2ceadfdfd51006a88cdff119f31e7e62/images/hidden-coasts-travel-discovery/aerial-beach-harbor.webp
icons/search.svg,"Экран 2, верхняя круглая кнопка поиска",SVG viewBox 24×24,1:1,да (прозрачный фон),"Экран 2, верхняя круглая кнопка поиска",inline/img SVG; background/pill отдельно; color via currentColor,https://raw.githubusercontent.com/kiouoi996-commits/Repixel-Previews/a1c879fe2ceadfdfd51006a88cdff119f31e7e62/images/hidden-coasts-travel-discovery/icons/search.svg
icons/bell.svg,"Экран 2, уведомления",SVG viewBox 24×24,1:1,да (прозрачный фон),"Экран 2, уведомления",inline/img SVG; background/pill отдельно; color via currentColor,https://raw.githubusercontent.com/kiouoi996-commits/Repixel-Previews/a1c879fe2ceadfdfd51006a88cdff119f31e7e62/images/hidden-coasts-travel-discovery/icons/bell.svg
icons/arrow-right.svg,Экран 1 CTA и экран 2 hero CTA,SVG viewBox 24×24,1:1,да (прозрачный фон),Экран 1 CTA и экран 2 hero CTA,inline/img SVG; background/pill отдельно; color via currentColor,https://raw.githubusercontent.com/kiouoi996-commits/Repixel-Previews/a1c879fe2ceadfdfd51006a88cdff119f31e7e62/images/hidden-coasts-travel-discovery/icons/arrow-right.svg
icons/arrow-left.svg,"Экран 3, back",SVG viewBox 24×24,1:1,да (прозрачный фон),"Экран 3, back",inline/img SVG; background/pill отдельно; color via currentColor,https://raw.githubusercontent.com/kiouoi996-commits/Repixel-Previews/a1c879fe2ceadfdfd51006a88cdff119f31e7e62/images/hidden-coasts-travel-discovery/icons/arrow-left.svg
icons/more-vertical.svg,"Экран 3, overflow menu",SVG viewBox 24×24,1:1,да (прозрачный фон),"Экран 3, overflow menu",inline/img SVG; background/pill отдельно; color via currentColor,https://raw.githubusercontent.com/kiouoi996-commits/Repixel-Previews/a1c879fe2ceadfdfd51006a88cdff119f31e7e62/images/hidden-coasts-travel-discovery/icons/more-vertical.svg
icons/mountains.svg,"Экран 2, категория Mountains",SVG viewBox 24×24,1:1,да (прозрачный фон),"Экран 2, категория Mountains",inline/img SVG; background/pill отдельно; color via currentColor,https://raw.githubusercontent.com/kiouoi996-commits/Repixel-Previews/a1c879fe2ceadfdfd51006a88cdff119f31e7e62/images/hidden-coasts-travel-discovery/icons/mountains.svg
icons/beaches-palm.svg,"Экран 2, категория Beaches",SVG viewBox 24×24,1:1,да (прозрачный фон),"Экран 2, категория Beaches",inline/img SVG; background/pill отдельно; color via currentColor,https://raw.githubusercontent.com/kiouoi996-commits/Repixel-Previews/a1c879fe2ceadfdfd51006a88cdff119f31e7e62/images/hidden-coasts-travel-discovery/icons/beaches-palm.svg
icons/cities.svg,"Экран 2, категория Cities",SVG viewBox 24×24,1:1,да (прозрачный фон),"Экран 2, категория Cities",inline/img SVG; background/pill отдельно; color via currentColor,https://raw.githubusercontent.com/kiouoi996-commits/Repixel-Previews/a1c879fe2ceadfdfd51006a88cdff119f31e7e62/images/hidden-coasts-travel-discovery/icons/cities.svg
icons/nature-leaf.svg,"Экран 2, категория Nature",SVG viewBox 24×24,1:1,да (прозрачный фон),"Экран 2, категория Nature",inline/img SVG; background/pill отдельно; color via currentColor,https://raw.githubusercontent.com/kiouoi996-commits/Repixel-Previews/a1c879fe2ceadfdfd51006a88cdff119f31e7e62/images/hidden-coasts-travel-discovery/icons/nature-leaf.svg
icons/culture-pin.svg,"Экран 2, категория Culture",SVG viewBox 24×24,1:1,да (прозрачный фон),"Экран 2, категория Culture",inline/img SVG; background/pill отдельно; color via currentColor,https://raw.githubusercontent.com/kiouoi996-commits/Repixel-Previews/a1c879fe2ceadfdfd51006a88cdff119f31e7e62/images/hidden-coasts-travel-discovery/icons/culture-pin.svg
icons/heart-outline.svg,"Экран 2, favorite overlay на карточках",SVG viewBox 24×24,1:1,да (прозрачный фон),"Экран 2, favorite overlay на карточках",inline/img SVG; background/pill отдельно; color via currentColor,https://raw.githubusercontent.com/kiouoi996-commits/Repixel-Previews/a1c879fe2ceadfdfd51006a88cdff119f31e7e62/images/hidden-coasts-travel-discovery/icons/heart-outline.svg
icons/home-filled.svg,"Экран 2, bottom nav Home active",SVG viewBox 24×24,1:1,да (прозрачный фон),"Экран 2, bottom nav Home active",inline/img SVG; background/pill отдельно; color via currentColor,https://raw.githubusercontent.com/kiouoi996-commits/Repixel-Previews/a1c879fe2ceadfdfd51006a88cdff119f31e7e62/images/hidden-coasts-travel-discovery/icons/home-filled.svg
icons/explore-compass.svg,"Экран 2, bottom nav Explore",SVG viewBox 24×24,1:1,да (прозрачный фон),"Экран 2, bottom nav Explore",inline/img SVG; background/pill отдельно; color via currentColor,https://raw.githubusercontent.com/kiouoi996-commits/Repixel-Previews/a1c879fe2ceadfdfd51006a88cdff119f31e7e62/images/hidden-coasts-travel-discovery/icons/explore-compass.svg
icons/trips-bag.svg,"Экран 2, bottom nav Trips",SVG viewBox 24×24,1:1,да (прозрачный фон),"Экран 2, bottom nav Trips",inline/img SVG; background/pill отдельно; color via currentColor,https://raw.githubusercontent.com/kiouoi996-commits/Repixel-Previews/a1c879fe2ceadfdfd51006a88cdff119f31e7e62/images/hidden-coasts-travel-discovery/icons/trips-bag.svg
icons/profile.svg,"Экран 2, bottom nav Profile",SVG viewBox 24×24,1:1,да (прозрачный фон),"Экран 2, bottom nav Profile",inline/img SVG; background/pill отдельно; color via currentColor,https://raw.githubusercontent.com/kiouoi996-commits/Repixel-Previews/a1c879fe2ceadfdfd51006a88cdff119f31e7e62/images/hidden-coasts-travel-discovery/icons/profile.svg
icons/star-filled.svg,"Экран 2, rating star",SVG viewBox 24×24,1:1,да (прозрачный фон),"Экран 2, rating star",inline/img SVG; background/pill отдельно; color via currentColor,https://raw.githubusercontent.com/kiouoi996-commits/Repixel-Previews/a1c879fe2ceadfdfd51006a88cdff119f31e7e62/images/hidden-coasts-travel-discovery/icons/star-filled.svg
icons/location-pin-filled.svg,"Экран 2, country/location marker",SVG viewBox 24×24,1:1,да (прозрачный фон),"Экран 2, country/location marker",inline/img SVG; background/pill отдельно; color via currentColor,https://raw.githubusercontent.com/kiouoi996-commits/Repixel-Previews/a1c879fe2ceadfdfd51006a88cdff119f31e7e62/images/hidden-coasts-travel-discovery/icons/location-pin-filled.svg
