file,purpose,pixel_size,aspect,alpha,screenshot_position,display,published_url
hero-strawberry-smoothie.webp,Onboarding screen full-bleed strawberry smoothie photo,1242x2739,0.4535:1,no,"x≈65, y≈78, w≈414, h≈913",cover; object-position 50% 50%,https://raw.githubusercontent.com/kiouoi996-commits/Repixel-Previews/59b10d45814e9073e5b02521bb8964d0d329f61e/images/apps/berry-balance-smoothie-ui-2026-10-04/hero-strawberry-smoothie.webp
card-green-energizer.webp,Middle screen Green Energizer recipe card photo,1586x987,1.6069:1,no,"x≈517, y≈417, w≈376, h≈234",cover; object-position 50% 50%,https://raw.githubusercontent.com/kiouoi996-commits/Repixel-Previews/59b10d45814e9073e5b02521bb8964d0d329f61e/images/apps/berry-balance-smoothie-ui-2026-10-04/card-green-energizer.webp
card-berry-balance.webp,Middle screen Berry Balance recipe card photo,1586x987,1.6069:1,no,"x≈517, y≈659, w≈376, h≈233",cover; object-position 50% 50%,https://raw.githubusercontent.com/kiouoi996-commits/Repixel-Previews/59b10d45814e9073e5b02521bb8964d0d329f61e/images/apps/berry-balance-smoothie-ui-2026-10-04/card-berry-balance.webp
hero-berry-balance.webp,Right detail screen full-height background image under the translucent recipe panel,1230x2736,0.4496:1,no,"x≈933, y≈79, w≈410, h≈913",cover; object-position 50% 0%,https://raw.githubusercontent.com/kiouoi996-commits/Repixel-Previews/59b10d45814e9073e5b02521bb8964d0d329f61e/images/apps/berry-balance-smoothie-ui-2026-10-04/hero-berry-balance.webp
avatar-user.webp,Middle screen circular profile avatar,384x384,1.0000:1,no,"x≈840, y≈139, w≈48, h≈48",cover; object-position 50% 35%,https://raw.githubusercontent.com/kiouoi996-commits/Repixel-Previews/59b10d45814e9073e5b02521bb8964d0d329f61e/images/apps/berry-balance-smoothie-ui-2026-10-04/avatar-user.webp
ingredient-strawberry.webp,Right detail screen first ingredient cutout,512x512,1.0000:1,yes,"x≈961, y≈723, w≈85, h≈94",contain; object-position 50% 50%,https://raw.githubusercontent.com/kiouoi996-commits/Repixel-Previews/59b10d45814e9073e5b02521bb8964d0d329f61e/images/apps/berry-balance-smoothie-ui-2026-10-04/ingredient-strawberry.webp
ingredient-banana.webp,Right detail screen second ingredient cutout,512x512,1.0000:1,yes,"x≈1054, y≈723, w≈85, h≈94",contain; object-position 50% 50%,https://raw.githubusercontent.com/kiouoi996-commits/Repixel-Previews/59b10d45814e9073e5b02521bb8964d0d329f61e/images/apps/berry-balance-smoothie-ui-2026-10-04/ingredient-banana.webp
ingredient-raspberry.webp,Right detail screen third ingredient cutout,512x512,1.0000:1,yes,"x≈1148, y≈723, w≈84, h≈94",contain; object-position 50% 50%,https://raw.githubusercontent.com/kiouoi996-commits/Repixel-Previews/59b10d45814e9073e5b02521bb8964d0d329f61e/images/apps/berry-balance-smoothie-ui-2026-10-04/ingredient-raspberry.webp
ingredient-mint.webp,Right detail screen fourth ingredient cutout,512x512,1.0000:1,yes,"x≈1241, y≈723, w≈84, h≈94",contain; object-position 50% 50%,https://raw.githubusercontent.com/kiouoi996-commits/Repixel-Previews/59b10d45814e9073e5b02521bb8964d0d329f61e/images/apps/berry-balance-smoothie-ui-2026-10-04/ingredient-mint.webp
icons/arrow-left.svg,UI icon,24x24 viewBox,1:1,yes,reused where shown; see analysis.md,inline SVG; color via currentColor; button background separate,https://raw.githubusercontent.com/kiouoi996-commits/Repixel-Previews/59b10d45814e9073e5b02521bb8964d0d329f61e/images/apps/berry-balance-smoothie-ui-2026-10-04/icons/arrow-left.svg
icons/arrow-right.svg,UI icon,24x24 viewBox,1:1,yes,reused where shown; see analysis.md,inline SVG; color via currentColor; button background separate,https://raw.githubusercontent.com/kiouoi996-commits/Repixel-Previews/59b10d45814e9073e5b02521bb8964d0d329f61e/images/apps/berry-balance-smoothie-ui-2026-10-04/icons/arrow-right.svg
icons/bowl.svg,UI icon,24x24 viewBox,1:1,yes,reused where shown; see analysis.md,inline SVG; color via currentColor; button background separate,https://raw.githubusercontent.com/kiouoi996-commits/Repixel-Previews/59b10d45814e9073e5b02521bb8964d0d329f61e/images/apps/berry-balance-smoothie-ui-2026-10-04/icons/bowl.svg
icons/calendar.svg,UI icon,24x24 viewBox,1:1,yes,reused where shown; see analysis.md,inline SVG; color via currentColor; button background separate,https://raw.githubusercontent.com/kiouoi996-commits/Repixel-Previews/59b10d45814e9073e5b02521bb8964d0d329f61e/images/apps/berry-balance-smoothie-ui-2026-10-04/icons/calendar.svg
icons/chevron-right.svg,UI icon,24x24 viewBox,1:1,yes,reused where shown; see analysis.md,inline SVG; color via currentColor; button background separate,https://raw.githubusercontent.com/kiouoi996-commits/Repixel-Previews/59b10d45814e9073e5b02521bb8964d0d329f61e/images/apps/berry-balance-smoothie-ui-2026-10-04/icons/chevron-right.svg
icons/clock.svg,UI icon,24x24 viewBox,1:1,yes,reused where shown; see analysis.md,inline SVG; color via currentColor; button background separate,https://raw.githubusercontent.com/kiouoi996-commits/Repixel-Previews/59b10d45814e9073e5b02521bb8964d0d329f61e/images/apps/berry-balance-smoothie-ui-2026-10-04/icons/clock.svg
icons/filter.svg,UI icon,24x24 viewBox,1:1,yes,reused where shown; see analysis.md,inline SVG; color via currentColor; button background separate,https://raw.githubusercontent.com/kiouoi996-commits/Repixel-Previews/59b10d45814e9073e5b02521bb8964d0d329f61e/images/apps/berry-balance-smoothie-ui-2026-10-04/icons/filter.svg
icons/flame.svg,UI icon,24x24 viewBox,1:1,yes,reused where shown; see analysis.md,inline SVG; color via currentColor; button background separate,https://raw.githubusercontent.com/kiouoi996-commits/Repixel-Previews/59b10d45814e9073e5b02521bb8964d0d329f61e/images/apps/berry-balance-smoothie-ui-2026-10-04/icons/flame.svg
icons/heart-filled.svg,UI icon,24x24 viewBox,1:1,yes,reused where shown; see analysis.md,inline SVG; color via currentColor; button background separate,https://raw.githubusercontent.com/kiouoi996-commits/Repixel-Previews/59b10d45814e9073e5b02521bb8964d0d329f61e/images/apps/berry-balance-smoothie-ui-2026-10-04/icons/heart-filled.svg
icons/heart-outline.svg,UI icon,24x24 viewBox,1:1,yes,reused where shown; see analysis.md,inline SVG; color via currentColor; button background separate,https://raw.githubusercontent.com/kiouoi996-commits/Repixel-Previews/59b10d45814e9073e5b02521bb8964d0d329f61e/images/apps/berry-balance-smoothie-ui-2026-10-04/icons/heart-outline.svg
icons/home.svg,UI icon,24x24 viewBox,1:1,yes,reused where shown; see analysis.md,inline SVG; color via currentColor; button background separate,https://raw.githubusercontent.com/kiouoi996-commits/Repixel-Previews/59b10d45814e9073e5b02521bb8964d0d329f61e/images/apps/berry-balance-smoothie-ui-2026-10-04/icons/home.svg
icons/immunity-bars.svg,UI icon,24x24 viewBox,1:1,yes,reused where shown; see analysis.md,inline SVG; color via currentColor; button background separate,https://raw.githubusercontent.com/kiouoi996-commits/Repixel-Previews/59b10d45814e9073e5b02521bb8964d0d329f61e/images/apps/berry-balance-smoothie-ui-2026-10-04/icons/immunity-bars.svg
icons/leaf-filled.svg,UI icon,24x24 viewBox,1:1,yes,reused where shown; see analysis.md,inline SVG; color via currentColor; button background separate,https://raw.githubusercontent.com/kiouoi996-commits/Repixel-Previews/59b10d45814e9073e5b02521bb8964d0d329f61e/images/apps/berry-balance-smoothie-ui-2026-10-04/icons/leaf-filled.svg
icons/leaf-outline.svg,UI icon,24x24 viewBox,1:1,yes,reused where shown; see analysis.md,inline SVG; color via currentColor; button background separate,https://raw.githubusercontent.com/kiouoi996-commits/Repixel-Previews/59b10d45814e9073e5b02521bb8964d0d329f61e/images/apps/berry-balance-smoothie-ui-2026-10-04/icons/leaf-outline.svg
icons/search.svg,UI icon,24x24 viewBox,1:1,yes,reused where shown; see analysis.md,inline SVG; color via currentColor; button background separate,https://raw.githubusercontent.com/kiouoi996-commits/Repixel-Previews/59b10d45814e9073e5b02521bb8964d0d329f61e/images/apps/berry-balance-smoothie-ui-2026-10-04/icons/search.svg
icons/smoothie.svg,UI icon,24x24 viewBox,1:1,yes,reused where shown; see analysis.md,inline SVG; color via currentColor; button background separate,https://raw.githubusercontent.com/kiouoi996-commits/Repixel-Previews/59b10d45814e9073e5b02521bb8964d0d329f61e/images/apps/berry-balance-smoothie-ui-2026-10-04/icons/smoothie.svg
icons/user.svg,UI icon,24x24 viewBox,1:1,yes,reused where shown; see analysis.md,inline SVG; color via currentColor; button background separate,https://raw.githubusercontent.com/kiouoi996-commits/Repixel-Previews/59b10d45814e9073e5b02521bb8964d0d329f61e/images/apps/berry-balance-smoothie-ui-2026-10-04/icons/user.svg
